model,calibration_bin,n,mean_prediction,mean_actual,absolute_log_ratio
ewma_baseline,0,203,0.00017711267443737684,0.0003042139115819143,0.5409449993307683
ewma_baseline,1,202,0.00024139477342839048,0.00033167889109525115,0.3177336469119284
ewma_baseline,2,203,0.0002910050836562581,0.00029461039853197413,0.012313063856946308
ewma_baseline,3,202,0.0003536304945555384,0.00036801087072505477,0.03985991033198311
ewma_baseline,4,202,0.0004586791173729723,0.0004060897707023296,0.12177662934491533
ewma_baseline,5,203,0.0006497390109255251,0.0007697478775934071,0.169492268688199
ewma_baseline,6,202,0.0009975693999122977,0.0010070176206269997,0.009426670505300237
ewma_baseline,7,203,0.0034371159027193213,0.0031236420511661913,0.09563307420955798
mean_baseline,0,203,0.0005643801350581454,0.0029427007816868597,1.6513550476490078
mean_baseline,1,202,0.0006792961746939002,0.00033471731254411163,0.707770890981789
mean_baseline,2,203,0.0006978022824642297,0.000521309345632904,0.29159218003998827
mean_baseline,3,202,0.0007110601465886249,0.0006487297147059376,0.09174085473311488
mean_baseline,4,202,0.0007332160060519993,0.0003165123988550578,0.8400779286209881
mean_baseline,5,203,0.0007549583516285334,0.000771646247354739,0.02186363184056691
mean_baseline,6,202,0.000776823023564524,0.00041984951383156906,0.6153162077581718
mean_baseline,7,203,0.0008068760377114571,0.000647610174883801,0.21988111402250501
random_forest,0,203,0.00013074324813277947,0.0002791257077938757,0.7584267797588473
random_forest,1,202,0.00017287182393854852,0.00021150312769578524,0.20168936767529333
random_forest,2,203,0.00022933909717943608,0.0002859449959672297,0.22059778766829172
random_forest,3,202,0.00032360563822354365,0.00040606456684817325,0.22698656950828816
random_forest,4,202,0.0004682437976361392,0.0005012541253437798,0.06812411316054018
random_forest,5,203,0.0007003959043337985,0.0006943235200666824,0.008707733644218266
random_forest,6,202,0.0009850827410537348,0.001368991122882678,0.3291037018879638
random_forest,7,203,0.0022410610061986453,0.0028596515938466957,0.24375037977586392
ridge,0,203,0.00013880442651025417,0.0008308006901468899,1.7893239778540502
ridge,1,202,0.00019885513284774496,0.0003469971506725423,0.5567399824658186
ridge,2,203,0.00023964361776877802,0.0003195973711666027,0.28790909364489753
ridge,3,202,0.00029085977000758404,0.00031635265999783134,0.08401634266515681
ridge,4,202,0.0003678607431736046,0.00042086953421098614,0.13461843906416038
ridge,5,203,0.000498204942797934,0.000895386834968577,0.5862443177557872
ridge,6,202,0.0008581717583068222,0.000996405986668255,0.1493505275459397
ridge,7,203,0.003317385610566474,0.002478442682311635,0.29154659366225655
