model,cost_bps,observations,total_turnover,mean_daily_turnover,mean_exposure,total_cost_fraction_per_unit_capital,annualised_cost_bps_per_unit_capital
mean_baseline,1,1620,0.521692692288971,0.00032203252610430306,0.6380122720998359,5.21692692288971e-05,0.08115219657828436
mean_baseline,5,1620,0.521692692288971,0.00032203252610430306,0.6380122720998359,0.0002608463461444855,0.4057609828914219
mean_baseline,10,1620,0.521692692288971,0.00032203252610430306,0.6380122720998359,0.000521692692288971,0.8115219657828437
random_forest,1,1620,81.56193137850889,0.050346871221301784,0.793494275240759,0.00815619313785089,12.68741154776805
random_forest,5,1620,81.56193137850889,0.050346871221301784,0.793494275240759,0.04078096568925444,63.43705773884024
random_forest,10,1620,81.56193137850889,0.050346871221301784,0.793494275240759,0.08156193137850888,126.87411547768048
ridge,1,1620,76.11614890819129,0.04698527710382178,0.8486858598405793,0.0076116148908191295,11.840289830163089
ridge,5,1620,76.11614890819129,0.04698527710382178,0.8486858598405793,0.03805807445409565,59.20144915081545
ridge,10,1620,76.11614890819129,0.04698527710382178,0.8486858598405793,0.0761161489081913,118.4028983016309
