fold,model,train_rows,train_target_end,test_start,test_end,regime_low_threshold,regime_high_threshold,calibration_factor,calibration_method,calibration_rows,prediction_clipping_count,n,mae,rmse,qlike,calibration_ratio,spearman
0,mean_baseline,800,2020-02-03,2020-02-04,2020-04-29,0.00043353198033964884,0.0009233331892784461,1.0,not_applicable,0,0,60,0.007024314130114123,0.011384814274854677,19.576841300020252,0.04382641575567927,0.0
0,ridge,800,2020-02-03,2020-02-04,2020-04-29,0.00043353198033964884,0.0009233331892784461,1.5642233913268775,inner_temporal_block,120,15,60,0.007475491113186871,0.011339344021517615,526.8671620212774,0.48276542504167036,-0.12027936362414805
0,random_forest,800,2020-02-03,2020-02-04,2020-04-29,0.00043353198033964884,0.0009233331892784461,1.1992635834476941,inner_temporal_block,120,0,60,0.006519010634672263,0.010838443562384462,5.61393072677473,0.10628518160372707,0.8652088141382218
0,ewma_baseline,800,2020-02-03,2020-02-04,2020-04-29,0.00043353198033964884,0.0009233331892784461,1.0,fixed_lambda_0.94,0,0,60,0.0065519582008812015,0.009764248509028487,1.9156478048360326,0.8216847492775786,0.40828007779938874
1,mean_baseline,860,2020-04-29,2020-04-30,2020-07-24,0.00045565873648981695,0.0012147757491708187,1.0,not_applicable,0,0,60,0.0006325016947476824,0.0010410304341839653,0.39700488188991706,0.8143443971324833,0.0
1,ridge,860,2020-04-29,2020-04-30,2020-07-24,0.00045565873648981695,0.0012147757491708187,3.0102461000755727,inner_temporal_block,120,0,60,0.002063393850136417,0.002989093854301146,0.6765453154384143,2.5930125629437852,0.3357043623228675
1,random_forest,860,2020-04-29,2020-04-30,2020-07-24,0.00045565873648981695,0.0012147757491708187,4.0,inner_temporal_block,120,0,60,0.0013927541188984542,0.0023645523138724695,0.611403699554388,1.7857847945127758,0.17126979716587942
1,ewma_baseline,860,2020-04-29,2020-04-30,2020-07-24,0.00045565873648981695,0.0012147757491708187,1.0,fixed_lambda_0.94,0,0,60,0.0015848907717321554,0.0018452979399916534,0.5757116161370998,2.195827922340373,0.39961100305640457
2,mean_baseline,920,2020-07-24,2020-07-27,2020-10-19,0.00047458937749805054,0.0014386193870253416,1.0,not_applicable,0,0,60,0.0005288388801892804,0.0006359318112841768,0.4423967379124762,1.3057190743918266,0.0
2,ridge,920,2020-07-24,2020-07-27,2020-10-19,0.00047458937749805054,0.0014386193870253416,1.338933135095957,inner_temporal_block,120,0,60,0.0005942347890589913,0.0009532571634670595,0.8930160553513605,1.1935242655345355,0.3791053070297305
2,random_forest,920,2020-07-24,2020-07-27,2020-10-19,0.00047458937749805054,0.0014386193870253416,4.0,inner_temporal_block,120,0,60,0.0012439484502816186,0.0015887782933035799,0.7375232810212634,2.5199342210846485,0.3890525145873854
2,ewma_baseline,920,2020-07-24,2020-07-27,2020-10-19,0.00047458937749805054,0.0014386193870253416,1.0,fixed_lambda_0.94,0,0,60,0.00047044611889034995,0.000670222076413552,0.5858439147726924,1.0566027158249984,0.25290358432898025
3,mean_baseline,980,2020-10-19,2020-10-20,2021-01-14,0.0004846365578412502,0.001491998875715537,1.0,not_applicable,0,0,60,0.0005501557279734289,0.0005799346439372122,0.5352897948238147,1.6941820676032466,0.0
3,ridge,980,2020-10-19,2020-10-20,2021-01-14,0.0004846365578412502,0.001491998875715537,0.4044455659939429,inner_temporal_block,120,0,60,0.0003507071123082722,0.0005484419030493397,1.862867850927304,0.266675363336127,0.537982772992498
3,random_forest,980,2020-10-19,2020-10-20,2021-01-14,0.0004846365578412502,0.001491998875715537,2.0094472469715483,inner_temporal_block,120,0,60,0.0003209028839468143,0.00039520847498123856,0.2746487367450992,1.4121950570341126,0.6240622395109753
3,ewma_baseline,980,2020-10-19,2020-10-20,2021-01-14,0.0004846365578412502,0.001491998875715537,1.0,fixed_lambda_0.94,0,0,60,0.0003659653199724937,0.00045835975562421753,0.35566486274544523,1.215016106458235,0.4362878577382606
4,mean_baseline,1040,2021-01-14,2021-01-15,2021-04-13,0.0005116668741286623,0.0016400100215262243,1.0,not_applicable,0,0,60,0.00047221696595208673,0.0005190742448818249,0.5416922691878733,1.671863524016995,0.0
4,ridge,1040,2021-01-14,2021-01-15,2021-04-13,0.0005116668741286623,0.0016400100215262243,1.241620029293142,inner_temporal_block,120,0,60,0.00028593190555194583,0.0004468091733517786,0.642929584605784,0.6247252388512173,0.3286468463462073
4,random_forest,1040,2021-01-14,2021-01-15,2021-04-13,0.0005116668741286623,0.0016400100215262243,1.5184853171697583,inner_temporal_block,120,0,60,0.0003056244171556349,0.000435683159139422,0.6513480368282795,0.8724484648847337,0.28252292303417614
4,ewma_baseline,1040,2021-01-14,2021-01-15,2021-04-13,0.0005116668741286623,0.0016400100215262243,1.0,fixed_lambda_0.94,0,0,60,0.0003661227194483077,0.00046526576025391323,0.5854861791448492,0.976753918365755,-0.22056126701861628
5,mean_baseline,1100,2021-04-13,2021-04-14,2021-07-08,0.0005316446986745239,0.0018600883673723348,1.0,not_applicable,0,0,60,0.000550470794968581,0.0005786057110160819,0.9135586604667598,3.197576493184258,0.0
5,ridge,1100,2021-04-13,2021-04-14,2021-07-08,0.0005316446986745239,0.0018600883673723348,1.6958970235240896,inner_temporal_block,120,0,60,0.00020751079832720623,0.0002643746564730654,0.4690338192554298,1.2453113506920572,0.13942761878299528
5,random_forest,1100,2021-04-13,2021-04-14,2021-07-08,0.0005316446986745239,0.0018600883673723348,1.5321760857032827,inner_temporal_block,120,0,60,0.0002322569327415278,0.0003038180350950819,0.4957128362710713,1.3831085148467346,0.17360377882745207
5,ewma_baseline,1100,2021-04-13,2021-04-14,2021-07-08,0.0005316446986745239,0.0018600883673723348,1.0,fixed_lambda_0.94,0,0,60,0.00019431678379231907,0.00025455526288932186,0.5031102980484672,1.1678600392797682,-0.10341761600444568
6,mean_baseline,1160,2021-07-08,2021-07-09,2021-10-01,0.000551090275093724,0.0016676098571921391,1.0,not_applicable,0,0,60,0.00048144550620548735,0.0005240658275490962,0.7917272265285111,2.786711549525725,0.0
6,ridge,1160,2021-07-08,2021-07-09,2021-10-01,0.000551090275093724,0.0016676098571921391,1.7399619587592907,inner_temporal_block,120,0,60,0.00016029817304389978,0.0001929050964636096,0.33322503062652753,1.066964479988262,0.5014726312864685
6,random_forest,1160,2021-07-08,2021-07-09,2021-10-01,0.000551090275093724,0.0016676098571921391,1.542158982231701,inner_temporal_block,120,0,60,0.00017283757959393736,0.0002313085129578895,0.31859076131669833,1.2672652088645977,0.625340372325646
6,ewma_baseline,1160,2021-07-08,2021-07-09,2021-10-01,0.000551090275093724,0.0016676098571921391,1.0,fixed_lambda_0.94,0,0,60,0.00017135331275037677,0.00022288301459622652,0.47151653008981287,0.7665501283862514,0.06835232008891359
7,mean_baseline,1220,2021-10-01,2021-10-04,2021-12-28,0.0005544664965442438,0.0015438931916647292,1.0,not_applicable,0,0,60,0.00042800079235234427,0.000483775137989184,0.6618444727367668,1.9107541643696588,0.0
7,ridge,1220,2021-10-01,2021-10-04,2021-12-28,0.0005544664965442438,0.0015438931916647292,1.4467077142290865,inner_temporal_block,120,0,60,0.00023062695663643229,0.00033780443930983106,0.5357903807916687,0.8660792809211949,0.3937204779105307
7,random_forest,1220,2021-10-01,2021-10-04,2021-12-28,0.0005544664965442438,0.0015438931916647292,1.1723903969917575,inner_temporal_block,120,0,60,0.00022563047285178032,0.0003442429250581452,0.5663341439997278,0.8474166362265502,0.49941650458460685
7,ewma_baseline,1220,2021-10-01,2021-10-04,2021-12-28,0.0005544664965442438,0.0015438931916647292,1.0,fixed_lambda_0.94,0,0,60,0.0002606844092335047,0.00035689252020577834,0.6578708126292384,0.936202560224535,0.25362600722422896
8,mean_baseline,1280,2021-12-28,2021-12-29,2022-03-24,0.0005610779031708906,0.00157934230389954,1.0,not_applicable,0,0,60,0.00034670164472251234,0.0004371284982775397,0.14467806778191056,0.7721765319195208,0.0
8,ridge,1280,2021-12-28,2021-12-29,2022-03-24,0.0005610779031708906,0.00157934230389954,1.7507337946784651,inner_temporal_block,120,0,60,0.0004730608041600014,0.0007084276153534912,0.12461867693648229,1.261902891865546,0.6635732147818838
8,random_forest,1280,2021-12-28,2021-12-29,2022-03-24,0.0005610779031708906,0.00157934230389954,1.3492357094045249,inner_temporal_block,120,0,60,0.0003251105005597101,0.0004198440995951726,0.1388665853004736,0.9751965213894334,0.6007307687544
8,ewma_baseline,1280,2021-12-28,2021-12-29,2022-03-24,0.0005610779031708906,0.00157934230389954,1.0,fixed_lambda_0.94,0,0,60,0.0003375828494497848,0.0004116916654484275,0.13489083879647137,0.8391219763304403,0.36537927202000553
9,mean_baseline,1340,2022-03-24,2022-03-25,2022-06-21,0.0005791020934846261,0.0018007649568956223,1.0,not_applicable,0,0,60,0.0010400612094567307,0.001358692002432913,0.6892454880210059,0.430030594381668,0.0
9,ridge,1340,2022-03-24,2022-03-25,2022-06-21,0.0005791020934846261,0.0018007649568956223,1.4815747991286008,inner_temporal_block,120,0,60,0.0015236144739634203,0.0022694142723610577,0.4442707270627567,1.4472384397197997,0.34459572103362046
9,random_forest,1340,2022-03-24,2022-03-25,2022-06-21,0.0005791020934846261,0.0018007649568956223,1.3531985131115365,inner_temporal_block,120,0,60,0.0008748986197636087,0.0011645442814533897,0.3316714921672412,0.8598907369077746,0.31403167546540706
9,ewma_baseline,1340,2022-03-24,2022-03-25,2022-06-21,0.0005791020934846261,0.0018007649568956223,1.0,fixed_lambda_0.94,0,0,60,0.0008176051412293365,0.001043739216615906,0.2551483415515594,0.8233625103694041,0.15448735759933316
10,mean_baseline,1400,2022-06-21,2022-06-22,2022-09-15,0.0006048710194764417,0.002012936610421603,1.0,not_applicable,0,0,60,0.00045186422179833004,0.0006259321494209145,0.2304015884255449,0.8472936884351934,0.0
10,ridge,1400,2022-06-21,2022-06-22,2022-09-15,0.0006048710194764417,0.002012936610421603,1.2844622292171952,inner_temporal_block,120,0,60,0.0007669104068365959,0.0009546017345374847,0.44375972655909496,1.1143628585403098,0.02595165323701028
10,random_forest,1400,2022-06-21,2022-06-22,2022-09-15,0.0006048710194764417,0.002012936610421603,1.5699534791050713,inner_temporal_block,120,0,60,0.0006934255596957895,0.0008548834318068947,0.2970035192506131,1.2639799916016097,0.006057238121700472
10,ewma_baseline,1400,2022-06-21,2022-06-22,2022-09-15,0.0006048710194764417,0.002012936610421603,1.0,fixed_lambda_0.94,0,0,60,0.0006553788493823448,0.0008225282857816854,0.326765498282298,1.2625033977663465,-0.39783273131425395
11,mean_baseline,1460,2022-09-15,2022-09-16,2022-12-09,0.0006324159945567444,0.002226153225369803,1.0,not_applicable,0,0,60,0.0007077455426861521,0.0010166703953935115,0.4013317907701907,0.5828392065504442,0.0
11,ridge,1460,2022-09-15,2022-09-16,2022-12-09,0.0006324159945567444,0.002226153225369803,1.0851395678058475,inner_temporal_block,120,0,60,0.0007086601770878548,0.0009708573546077733,0.3136378679765278,0.9207929703989011,0.4053348152264518
11,random_forest,1460,2022-09-15,2022-09-16,2022-12-09,0.0006324159945567444,0.002226153225369803,1.5224830668959701,inner_temporal_block,120,0,60,0.0006214499226571673,0.0008715438335480197,0.24140108178264025,1.0168622730202983,0.3412058905251459
11,ewma_baseline,1460,2022-09-15,2022-09-16,2022-12-09,0.0006324159945567444,0.002226153225369803,1.0,fixed_lambda_0.94,0,0,60,0.0007158504856586307,0.0009666549730035767,0.27271886007583296,1.0263868357908206,-0.3784940261183662
12,mean_baseline,1520,2022-12-09,2022-12-12,2023-03-09,0.0006513012000508981,0.002536956145227928,1.0,not_applicable,0,0,60,0.00023278602308460472,0.0002903341338946877,0.12275586416656724,1.349847645783947,0.0
12,ridge,1520,2022-12-09,2022-12-12,2023-03-09,0.0006513012000508981,0.002536956145227928,1.0401126502742088,inner_temporal_block,120,0,60,0.00031960249769517126,0.0003867034754897042,0.3098871707368923,0.9260526802363037,-0.23217560433453738
12,random_forest,1520,2022-12-09,2022-12-12,2023-03-09,0.0006513012000508981,0.002536956145227928,1.265438327549427,inner_temporal_block,120,0,60,0.0003287500838252204,0.00038706086077676676,0.19431600500685936,1.2918995884374695,-0.1207001944984718
12,ewma_baseline,1520,2022-12-09,2022-12-12,2023-03-09,0.0006513012000508981,0.002536956145227928,1.0,fixed_lambda_0.94,0,0,60,0.00023480929278191367,0.0002874046765244694,0.11763550298287499,1.2320912264233412,0.008557932759099749
13,mean_baseline,1580,2023-03-09,2023-03-10,2023-06-05,0.0006983438317134661,0.002568561765408087,1.0,not_applicable,0,0,60,0.00042079442000991085,0.00046835836458564037,0.5053050048354895,2.1410910244085164,0.0
13,ridge,1580,2023-03-09,2023-03-10,2023-06-05,0.0006983438317134661,0.002568561765408087,1.1379028962517557,inner_temporal_block,120,0,60,0.00016123179054164158,0.00020943103727308942,0.35357535064250817,0.8166369740319885,0.26746318421783827
13,random_forest,1580,2023-03-09,2023-03-10,2023-06-05,0.0006983438317134661,0.002568561765408087,1.3491796226248196,inner_temporal_block,120,0,60,0.00021861675799776529,0.00026242093823056705,0.36176468235039877,1.170316031558372,0.3394926228768962
13,ewma_baseline,1580,2023-03-09,2023-03-10,2023-06-05,0.0006983438317134661,0.002568561765408087,1.0,fixed_lambda_0.94,0,0,60,0.00020543084533042482,0.0002536817465459607,0.31253879938003387,1.241016290175273,-0.06262850791886636
14,mean_baseline,1640,2023-06-05,2023-06-06,2023-08-30,0.0007261325065032726,0.002504237834813821,1.0,not_applicable,0,0,60,0.0005406312223478037,0.0005507618521364008,0.64876914265935,3.4894569787727976,0.0
14,ridge,1640,2023-06-05,2023-06-06,2023-08-30,0.0007261325065032726,0.002504237834813821,1.1862066195070526,inner_temporal_block,120,0,60,7.908186588898712e-05,9.738137486107588e-05,0.10161057542773454,1.095054599298129,0.34893025840511255
14,random_forest,1640,2023-06-05,2023-06-06,2023-08-30,0.0007261325065032726,0.002504237834813821,1.0260893962643753,inner_temporal_block,120,0,60,0.00012276158958536172,0.000166014678756118,0.16358695717720398,1.273452349277482,0.2523478744095582
14,ewma_baseline,1640,2023-06-05,2023-06-06,2023-08-30,0.0007261325065032726,0.002504237834813821,1.0,fixed_lambda_0.94,0,0,60,9.77416733558634e-05,0.0001244301659047824,0.15150504025897774,1.0872749848316023,-0.17716032231175327
15,mean_baseline,1700,2023-08-30,2023-08-31,2023-11-24,0.0007326222327149136,0.002424476322709605,1.0,not_applicable,0,0,60,0.0004063576723856523,0.0004497915368219484,0.515144237236329,2.222390295019415,0.0
15,ridge,1700,2023-08-30,2023-08-31,2023-11-24,0.0007326222327149136,0.002424476322709605,1.344279009712745,inner_temporal_block,120,0,60,0.0001579768429299792,0.00018840058183329397,0.26658142407210467,0.9682027209363199,0.32892470130591833
15,random_forest,1700,2023-08-30,2023-08-31,2023-11-24,0.0007326222327149136,0.002424476322709605,1.0157238904780992,inner_temporal_block,120,0,60,0.0001540924654192965,0.0001928318544876618,0.33551242391490826,0.9133923977972845,0.3827174215059739
15,ewma_baseline,1700,2023-08-30,2023-08-31,2023-11-24,0.0007326222327149136,0.002424476322709605,1.0,fixed_lambda_0.94,0,0,60,0.00017603837632936345,0.00021139366970007902,0.3006080814913059,0.9663948779772444,-0.03100861350375104
16,mean_baseline,1760,2023-11-24,2023-11-27,2024-02-22,0.0007581019688262588,0.0022952828237574638,1.0,not_applicable,0,0,60,0.00047550911655393896,0.0004981624782027833,0.6329165476164176,2.902983861468718,0.0
16,ridge,1760,2023-11-24,2023-11-27,2024-02-22,0.0007581019688262588,0.0022952828237574638,1.2819783850669575,inner_temporal_block,120,0,60,0.00013604516790773443,0.00016428218686881783,0.29657705684963587,0.8483778072606646,-0.18605168102250624
16,random_forest,1760,2023-11-24,2023-11-27,2024-02-22,0.0007581019688262588,0.0022952828237574638,0.9553579448565047,inner_temporal_block,120,0,60,0.0001364719984795486,0.00017654865169025352,0.3710561917180061,0.6928591694154088,-0.05001389274798555
16,ewma_baseline,1760,2023-11-24,2023-11-27,2024-02-22,0.0007581019688262588,0.0022952828237574638,1.0,fixed_lambda_0.94,0,0,60,0.00013728737548004117,0.00016582130606591,0.2704777546983482,0.9764228770933523,-0.30764101139205335
17,mean_baseline,1820,2024-02-22,2024-02-23,2024-05-17,0.000760255028009428,0.002219708223000508,1.0,not_applicable,0,0,60,0.00046553180968169017,0.0004832020266596833,0.5859989137646067,2.9136327273339466,0.0
17,ridge,1820,2024-02-22,2024-02-23,2024-05-17,0.000760255028009428,0.002219708223000508,1.392675582071295,inner_temporal_block,120,0,60,0.00011949875683003685,0.00014689212991175808,0.16998127981406588,1.2093580229691285,0.4366768546818561
17,random_forest,1820,2024-02-22,2024-02-23,2024-05-17,0.000760255028009428,0.002219708223000508,1.171271846321378,inner_temporal_block,120,0,60,0.00010252073380696322,0.00012685322069861508,0.1328998365111761,1.0813732052930758,0.6464017782717422
17,ewma_baseline,1820,2024-02-22,2024-02-23,2024-05-17,0.000760255028009428,0.002219708223000508,1.0,fixed_lambda_0.94,0,0,60,0.00011987520300347396,0.00014725485542807992,0.2075434461262697,1.1045497808207068,-0.1630452903584329
18,mean_baseline,1880,2024-05-17,2024-05-20,2024-08-14,0.0007639819821135479,0.002151562001729072,1.0,not_applicable,0,0,60,0.0004588665703547132,0.0005299773847817769,0.6340376855571284,1.6469785497114193,0.0
18,ridge,1880,2024-05-17,2024-05-20,2024-08-14,0.0007639819821135479,0.002151562001729072,1.290933797839008,inner_temporal_block,120,0,60,0.00028357989421651426,0.0005082269941816772,0.27866329023653535,0.9430096625908645,0.7448735759933315
18,random_forest,1880,2024-05-17,2024-05-20,2024-08-14,0.0007639819821135479,0.002151562001729072,1.2178052375700332,inner_temporal_block,120,0,60,0.0002199046267060512,0.00037714699426161696,0.21511853891369268,0.8855027305888045,0.8252292303417617
18,ewma_baseline,1880,2024-05-17,2024-05-20,2024-08-14,0.0007639819821135479,0.002151562001729072,1.0,fixed_lambda_0.94,0,0,60,0.00025202805721608794,0.00043043086284009726,0.4586643406310511,0.6609681557678052,0.5472075576549041
19,mean_baseline,1940,2024-08-14,2024-08-15,2024-11-07,0.0007571491356101029,0.002113341152556032,1.0,not_applicable,0,0,60,0.00041452366450364214,0.00045074638852869925,0.5834581109635267,2.2010650436336476,0.0
19,ridge,1940,2024-08-14,2024-08-15,2024-11-07,0.0007571491356101029,0.002113341152556032,1.3571954076040533,inner_temporal_block,120,0,60,0.00018269418874111498,0.00025140113522408334,0.3317902061628501,0.9030058607383661,0.3551542095026396
19,random_forest,1940,2024-08-14,2024-08-15,2024-11-07,0.0007571491356101029,0.002113341152556032,1.3445565278634095,inner_temporal_block,120,0,60,0.0001890200856226986,0.0002688737002616945,0.2903402271063943,0.9675277973027758,0.5632675743262017
19,ewma_baseline,1940,2024-08-14,2024-08-15,2024-11-07,0.0007571491356101029,0.002113341152556032,1.0,fixed_lambda_0.94,0,0,60,0.0002613974523660039,0.0003211135920474406,0.4709152543865932,1.3091907710436668,0.0010558488469019172
20,mean_baseline,2000,2024-11-07,2024-11-08,2025-02-06,0.0007611525603866933,0.0020984669729004353,1.0,not_applicable,0,0,60,0.00042294462332975063,0.00044663566989839405,0.5315093354761152,2.126281042576784,0.0
20,ridge,2000,2024-11-07,2024-11-08,2025-02-06,0.0007611525603866933,0.0020984669729004353,1.3784036165605515,inner_temporal_block,120,0,60,0.00017486686353230323,0.0002864812413534829,0.4123998916168224,0.9255375590229674,0.22900805779383163
20,random_forest,2000,2024-11-07,2024-11-08,2025-02-06,0.0007611525603866933,0.0020984669729004353,1.359351836484132,inner_temporal_block,120,0,60,0.0002525580282884842,0.0003379702001413375,0.39016856678512907,1.2359455356729907,0.47149863159081473
20,ewma_baseline,2000,2024-11-07,2024-11-08,2025-02-06,0.0007611525603866933,0.0020984669729004353,1.0,fixed_lambda_0.94,0,0,60,0.0001998354637214146,0.00029938479322769363,0.4561830095305329,1.0734099214132742,0.30236176715754376
21,mean_baseline,2060,2025-02-06,2025-02-07,2025-05-05,0.0007709778891195754,0.0020425897729912422,1.0,not_applicable,0,0,60,0.0018010773702703232,0.004126348326034966,2.0026628772598296,0.2999296438208871,0.0
21,ridge,2060,2025-02-06,2025-02-07,2025-05-05,0.0007709778891195754,0.0020425897729912422,1.4378835757713502,inner_temporal_block,120,0,60,0.0018168061103629512,0.003643537473413507,1.2532668007724126,0.5789251761893593,0.385440400111142
21,random_forest,2060,2025-02-06,2025-02-07,2025-05-05,0.0007709778891195754,0.0020425897729912422,1.2011463507182885,inner_temporal_block,120,0,60,0.0017068585788336745,0.0034396825156312867,0.8101476908072404,0.8219488613793431,0.4871142972725896
21,ewma_baseline,2060,2025-02-06,2025-02-07,2025-05-05,0.0007709778891195754,0.0020425897729912422,1.0,fixed_lambda_0.94,0,0,60,0.0023817197753270834,0.004167895027708909,1.4547634632137556,0.7314480327535308,0.23667685468185606
22,mean_baseline,2120,2025-05-05,2025-05-06,2025-07-31,0.0007964485632940834,0.0020984669729004353,1.0,not_applicable,0,0,60,0.00047642751411339955,0.0005043808899207532,0.6966533052822931,2.3946763003362923,0.0
22,ridge,2120,2025-05-05,2025-05-06,2025-07-31,0.0007964485632940834,0.0020984669729004353,2.3628723465687522,inner_temporal_block,120,0,60,0.00033772831879768766,0.0003646528853227169,0.4908301701473389,1.8492834510467884,0.34726312864684633
22,random_forest,2120,2025-05-05,2025-05-06,2025-07-31,0.0007964485632940834,0.0020984669729004353,1.4572319719268112,inner_temporal_block,120,0,60,0.0002405083299176129,0.0003341141511896912,0.3617396775820151,1.6192079673787745,0.4613845705442559
22,ewma_baseline,2120,2025-05-05,2025-05-06,2025-07-31,0.0007964485632940834,0.0020984669729004353,1.0,fixed_lambda_0.94,0,0,60,0.0006501232604154954,0.0007979305218183353,0.71064923609657,3.029993821586481,0.4262295081967213
23,mean_baseline,2180,2025-07-31,2025-08-01,2025-10-24,0.0008109316936997004,0.002117940624008971,1.0,not_applicable,0,0,60,0.0005182820547755161,0.0005304030676649261,0.8274058786605197,3.0682477948982982,0.0
23,ridge,2180,2025-07-31,2025-08-01,2025-10-24,0.0008109316936997004,0.002117940624008971,2.1852565396983716,inner_temporal_block,120,0,60,0.0002444541877501988,0.0003006490694663579,0.5134575290770472,1.524637383691206,0.2630175048624618
23,random_forest,2180,2025-07-31,2025-08-01,2025-10-24,0.0008109316936997004,0.002117940624008971,1.3380871656823623,inner_temporal_block,120,0,60,0.00016921706685786133,0.0002906241951443909,0.887717806121109,0.9968895935852844,0.3431881965258262
23,ewma_baseline,2180,2025-07-31,2025-08-01,2025-10-24,0.0008109316936997004,0.002117940624008971,1.0,fixed_lambda_0.94,0,0,60,0.00015938284222740678,0.0002746680149881356,0.6552679423693905,0.980956865377273,0.2552931369824951
24,mean_baseline,2240,2025-10-24,2025-10-27,2026-01-22,0.0007865655493726404,0.0020580376232660793,1.0,not_applicable,0,0,60,0.0004186202170593447,0.0004616710092417396,0.6815453271755952,2.5770512471358478,0.0
24,ridge,2240,2025-10-24,2025-10-27,2026-01-22,0.0007865655493726404,0.0020580376232660793,1.2871496640287328,inner_temporal_block,120,0,60,0.0001438216538656973,0.00017954354713505463,0.3331957216353671,1.021437668813913,0.2893581550430675
24,random_forest,2240,2025-10-24,2025-10-27,2026-01-22,0.0007865655493726404,0.0020580376232660793,0.9916524885807821,inner_temporal_block,120,0,60,0.00014829110037097165,0.00018667265462348368,0.3519122859573061,0.9187239810635697,0.33317124081781624
24,ewma_baseline,2240,2025-10-24,2025-10-27,2026-01-22,0.0007865655493726404,0.0020580376232660793,1.0,fixed_lambda_0.94,0,0,60,0.0001712477254052499,0.0002112433850896027,0.40769555909765987,1.0713079171570095,0.0008335648791330926
25,mean_baseline,2300,2026-01-22,2026-01-23,2026-04-20,0.0007941293145099123,0.0019830210081011657,1.0,not_applicable,0,0,60,0.0003213785261659204,0.00037494950130402186,0.28389006710740305,1.4761460572713738,0.0
25,ridge,2300,2026-01-22,2026-01-23,2026-04-20,0.0007941293145099123,0.0019830210081011657,1.4006012248861937,inner_temporal_block,120,0,60,0.00016714819412370514,0.0002547164990334628,0.1692454979661899,0.8687220915782222,0.595665462628508
25,random_forest,2300,2026-01-22,2026-01-23,2026-04-20,0.0007941293145099123,0.0019830210081011657,1.2368889702514319,inner_temporal_block,120,0,60,0.0001721755765759875,0.0002506716603756146,0.14731129054825748,0.9877812564313706,0.6863017504862462
25,ewma_baseline,2300,2026-01-22,2026-01-23,2026-04-20,0.0007941293145099123,0.0019830210081011657,1.0,fixed_lambda_0.94,0,0,60,0.00023233204034603467,0.0003262914239328301,0.2745755301734975,0.8196743411333721,0.2620172270075021
26,mean_baseline,2360,2026-04-20,2026-04-21,2026-07-16,0.0008118143110659136,0.0019259052547825131,1.0,not_applicable,0,0,60,0.0003857454001457888,0.00041762452003683815,0.44324834896169774,1.9663442407695415,0.0
26,ridge,2360,2026-04-20,2026-04-21,2026-07-16,0.0008118143110659136,0.0019259052547825131,1.4636806761260734,inner_temporal_block,120,0,60,0.00020305343879903297,0.0002682092759314473,0.2864557413389304,1.1115529882273039,0.16693525979438734
26,random_forest,2360,2026-04-20,2026-04-21,2026-07-16,0.0008118143110659136,0.0019259052547825131,1.171901109371888,inner_temporal_block,120,0,60,0.00019191166865093094,0.00027110245500192075,0.29805221892229955,0.9637405106950307,0.24640822802818052
26,ewma_baseline,2360,2026-04-20,2026-04-21,2026-07-16,0.0008118143110659136,0.0019259052547825131,1.0,fixed_lambda_0.94,0,0,60,0.00023312070294297162,0.0002962108828463291,0.349839765959794,1.172441339142386,0.02639622117254793
