fold,model,clipping_count,test_rows
0,mean_baseline,0,60
0,ridge,15,60
0,random_forest,0,60
0,ewma_baseline,0,60
1,mean_baseline,0,60
1,ridge,0,60
1,random_forest,0,60
1,ewma_baseline,0,60
2,mean_baseline,0,60
2,ridge,0,60
2,random_forest,0,60
2,ewma_baseline,0,60
3,mean_baseline,0,60
3,ridge,0,60
3,random_forest,0,60
3,ewma_baseline,0,60
4,mean_baseline,0,60
4,ridge,0,60
4,random_forest,0,60
4,ewma_baseline,0,60
5,mean_baseline,0,60
5,ridge,0,60
5,random_forest,0,60
5,ewma_baseline,0,60
6,mean_baseline,0,60
6,ridge,0,60
6,random_forest,0,60
6,ewma_baseline,0,60
7,mean_baseline,0,60
7,ridge,0,60
7,random_forest,0,60
7,ewma_baseline,0,60
8,mean_baseline,0,60
8,ridge,0,60
8,random_forest,0,60
8,ewma_baseline,0,60
9,mean_baseline,0,60
9,ridge,0,60
9,random_forest,0,60
9,ewma_baseline,0,60
10,mean_baseline,0,60
10,ridge,0,60
10,random_forest,0,60
10,ewma_baseline,0,60
11,mean_baseline,0,60
11,ridge,0,60
11,random_forest,0,60
11,ewma_baseline,0,60
12,mean_baseline,0,60
12,ridge,0,60
12,random_forest,0,60
12,ewma_baseline,0,60
13,mean_baseline,0,60
13,ridge,0,60
13,random_forest,0,60
13,ewma_baseline,0,60
14,mean_baseline,0,60
14,ridge,0,60
14,random_forest,0,60
14,ewma_baseline,0,60
15,mean_baseline,0,60
15,ridge,0,60
15,random_forest,0,60
15,ewma_baseline,0,60
16,mean_baseline,0,60
16,ridge,0,60
16,random_forest,0,60
16,ewma_baseline,0,60
17,mean_baseline,0,60
17,ridge,0,60
17,random_forest,0,60
17,ewma_baseline,0,60
18,mean_baseline,0,60
18,ridge,0,60
18,random_forest,0,60
18,ewma_baseline,0,60
19,mean_baseline,0,60
19,ridge,0,60
19,random_forest,0,60
19,ewma_baseline,0,60
20,mean_baseline,0,60
20,ridge,0,60
20,random_forest,0,60
20,ewma_baseline,0,60
21,mean_baseline,0,60
21,ridge,0,60
21,random_forest,0,60
21,ewma_baseline,0,60
22,mean_baseline,0,60
22,ridge,0,60
22,random_forest,0,60
22,ewma_baseline,0,60
23,mean_baseline,0,60
23,ridge,0,60
23,random_forest,0,60
23,ewma_baseline,0,60
24,mean_baseline,0,60
24,ridge,0,60
24,random_forest,0,60
24,ewma_baseline,0,60
25,mean_baseline,0,60
25,ridge,0,60
25,random_forest,0,60
25,ewma_baseline,0,60
26,mean_baseline,0,60
26,ridge,0,60
26,random_forest,0,60
26,ewma_baseline,0,60
