fold,seed_count,mean_pairwise_prediction_correlation,mean_pointwise_prediction_std,max_pointwise_prediction_std
0,2,0.9957663273212041,1.8249387527277193e-05,9.383933815922899e-05
1,2,0.9977667376277689,2.1515422081266548e-05,0.00024524346684596035
2,2,0.9954182949423379,1.660168189497904e-05,6.201573307400949e-05
3,2,0.9948010273673994,1.2580385706865128e-05,4.639443989914996e-05
4,2,0.9939793112022649,1.1635526830471381e-05,4.833083920407767e-05
5,2,0.9946381215804748,9.31140673682377e-06,3.99765486970599e-05
6,2,0.9953107937454322,8.316818745667682e-06,5.802198423389334e-05
7,2,0.9975520911084552,7.481168619256905e-06,3.9334284061336004e-05
8,2,0.9959602028822628,1.684881391825008e-05,6.766645986203265e-05
9,2,0.9971760829150684,2.949101391740744e-05,0.00010261864153742633
10,2,0.9903803326095068,4.748176978674379e-05,0.00012330916259207034
11,2,0.9912462749084658,2.8500012549313993e-05,0.00016235411104023882
12,2,0.995036324173783,1.803335685069015e-05,5.677471929132864e-05
13,2,0.9973643664614819,8.21229130364943e-06,3.5686605819590156e-05
14,2,0.9946435679541765,8.888633875677037e-06,3.899278628494276e-05
15,2,0.9894838739634302,1.1993271387038517e-05,4.764107653134611e-05
16,2,0.9582457523848095,7.6681184432193e-06,2.648748132246228e-05
17,2,0.9930255818341485,8.080801685420398e-06,2.7809421542028827e-05
18,2,0.9984490747300468,7.583748839654994e-06,2.790520246761483e-05
19,2,0.9970113739205139,5.629568571849588e-06,2.743943678651644e-05
20,2,0.9959679772240262,8.2647267867421e-06,3.601701822581783e-05
21,2,0.9982909344363314,4.491488237841569e-05,0.0004417674448704634
22,2,0.9974756148193566,1.926874546103784e-05,9.361408416740254e-05
23,2,0.9953352643157126,5.291178003680553e-06,1.9977550915507768e-05
24,2,0.9972681329876654,4.920131162941007e-06,2.1721906521805095e-05
25,2,0.9985415008084477,8.089240645795925e-06,4.8550592206655745e-05
26,2,0.9947310985624591,9.18224716809384e-06,3.654059252009131e-05
