fold,feature,importance
0,return_0,0.00574642091314354
0,return_lag_1,0.002863657630861023
0,return_lag_2,0.002423562641893226
0,return_lag_5,0.0031043903326203066
0,return_lag_10,0.002973070028108704
0,momentum_5,0.01580989760096177
0,momentum_20,0.008006344000523562
0,realised_var_5,0.003242330938413654
0,realised_var_20,0.01675128398005925
0,realised_var_60,0.09762955503396537
0,mean_abs_return_5,0.008495047172093966
0,mean_abs_return_20,0.03126167960845843
0,downside_var_20,0.01022592222626567
0,drawdown_20,0.6254819947989284
0,trend_20,0.048519876744533175
0,trend_60,0.11746496634916985
1,return_0,0.003668531618794711
1,return_lag_1,0.0012049049966514128
1,return_lag_2,0.0007485006267199459
1,return_lag_5,0.002028194380031028
1,return_lag_10,0.002416911075211241
1,momentum_5,0.017586213259511835
1,momentum_20,0.007318904068832316
1,realised_var_5,0.1084165427072405
1,realised_var_20,0.014945967754643194
1,realised_var_60,0.05653916362182277
1,mean_abs_return_5,0.00557793529062657
1,mean_abs_return_20,0.030447013648390225
1,downside_var_20,0.05454844575829381
1,drawdown_20,0.5553691956026292
1,trend_20,0.028651418629379095
1,trend_60,0.11053215696122212
2,return_0,0.005033800562238936
2,return_lag_1,0.0021803276271470193
2,return_lag_2,0.0017733375601431964
2,return_lag_5,0.0014429267135248633
2,return_lag_10,0.0021206642310151
2,momentum_5,0.03574726894430289
2,momentum_20,0.007421797001223621
2,realised_var_5,0.09774409986555785
2,realised_var_20,0.16046819940609594
2,realised_var_60,0.04628665259417126
2,mean_abs_return_5,0.029246157337131512
2,mean_abs_return_20,0.03512621702260862
2,downside_var_20,0.2898957253166521
2,drawdown_20,0.20695233930313675
2,trend_20,0.03911831576985281
2,trend_60,0.03944217074519763
3,return_0,0.004045297109234865
3,return_lag_1,0.0014991808889767443
3,return_lag_2,0.0006967088586071291
3,return_lag_5,0.0004949940373919872
3,return_lag_10,0.0012056252214452258
3,momentum_5,0.027851386391471736
3,momentum_20,0.01599989467344999
3,realised_var_5,0.07149193041793352
3,realised_var_20,0.1470100592652736
3,realised_var_60,0.061561620609664434
3,mean_abs_return_5,0.031859869778859955
3,mean_abs_return_20,0.02380420872644583
3,downside_var_20,0.34415893141316545
3,drawdown_20,0.17918506705990264
3,trend_20,0.03837677164497246
3,trend_60,0.05075845390320441
4,return_0,0.0019330109339781966
4,return_lag_1,0.0009706778616861354
4,return_lag_2,0.0007969239184162157
4,return_lag_5,0.0011272425268707704
4,return_lag_10,0.0009717241771559814
4,momentum_5,0.030438660820604677
4,momentum_20,0.012868006140965482
4,realised_var_5,0.07927248550079931
4,realised_var_20,0.1531596928015535
4,realised_var_60,0.06826528644278605
4,mean_abs_return_5,0.02817971825866753
4,mean_abs_return_20,0.027619585955906575
4,downside_var_20,0.32723542367204383
4,drawdown_20,0.16702876256014093
4,trend_20,0.045186198482083134
4,trend_60,0.05494659994634163
5,return_0,0.00320088492614582
5,return_lag_1,0.0014846863258185404
5,return_lag_2,0.0007822439439779645
5,return_lag_5,0.0012652092244434907
5,return_lag_10,0.0011843202918230848
5,momentum_5,0.02326442716332642
5,momentum_20,0.009993287467448913
5,realised_var_5,0.08781957630476071
5,realised_var_20,0.1208283236203703
5,realised_var_60,0.09207375907989727
5,mean_abs_return_5,0.025244925722747544
5,mean_abs_return_20,0.03298368974345126
5,downside_var_20,0.2496463672030139
5,drawdown_20,0.2423736430204831
5,trend_20,0.047118941857831914
5,trend_60,0.06073571410445983
6,return_0,0.0032045726400202175
6,return_lag_1,0.0014307682059645026
6,return_lag_2,0.001166644559850426
6,return_lag_5,0.0011412485459794959
6,return_lag_10,0.0015956344767232833
6,momentum_5,0.023697919954503422
6,momentum_20,0.011392349302384914
6,realised_var_5,0.08311319496812711
6,realised_var_20,0.14771305857628378
6,realised_var_60,0.10525278939195769
6,mean_abs_return_5,0.02461483439036219
6,mean_abs_return_20,0.03480788895090455
6,downside_var_20,0.1432995360833792
6,drawdown_20,0.3173873258089633
6,trend_20,0.04239715121936877
6,trend_60,0.057785082925227244
7,return_0,0.0018166461812204014
7,return_lag_1,0.000410329896367957
7,return_lag_2,0.0008905467888205616
7,return_lag_5,0.0010529965697918533
7,return_lag_10,0.0015097823893982147
7,momentum_5,0.025524956022559213
7,momentum_20,0.010214971723698747
7,realised_var_5,0.08112622992390622
7,realised_var_20,0.13480742652818542
7,realised_var_60,0.10574140724856555
7,mean_abs_return_5,0.02738563091413479
7,mean_abs_return_20,0.04389402249704921
7,downside_var_20,0.1156070931605838
7,drawdown_20,0.3445801441519194
7,trend_20,0.04785584341989776
7,trend_60,0.05758197258390095
8,return_0,0.0025509481266692614
8,return_lag_1,0.0006631572620116412
8,return_lag_2,0.001282213629063383
8,return_lag_5,0.0013017431978274002
8,return_lag_10,0.0015916890206724202
8,momentum_5,0.017384402086028317
8,momentum_20,0.009809275376824125
8,realised_var_5,0.08285034805426941
8,realised_var_20,0.03947479800789404
8,realised_var_60,0.10739845541794572
8,mean_abs_return_5,0.02790193634528487
8,mean_abs_return_20,0.03349202259986061
8,downside_var_20,0.21467216217814045
8,drawdown_20,0.3478762214669537
8,trend_20,0.05096694694256636
8,trend_60,0.06078368028798819
9,return_0,0.0027479957040473174
9,return_lag_1,0.0010160813240342027
9,return_lag_2,0.0011519846573867867
9,return_lag_5,0.0012446725478120315
9,return_lag_10,0.0017513602709100559
9,momentum_5,0.012500920202981077
9,momentum_20,0.00779043910509812
9,realised_var_5,0.0748710928678434
9,realised_var_20,0.07257737058521595
9,realised_var_60,0.11476195966838619
9,mean_abs_return_5,0.024814339080599258
9,mean_abs_return_20,0.029055230458074868
9,downside_var_20,0.14020983189266223
9,drawdown_20,0.42131492800495624
9,trend_20,0.04482225634947246
9,trend_60,0.04936953728051971
10,return_0,0.0016769641904731713
10,return_lag_1,0.0009056744171203433
10,return_lag_2,0.00129218136440646
10,return_lag_5,0.0013885332159437435
10,return_lag_10,0.0019379489676901293
10,momentum_5,0.012310192169442374
10,momentum_20,0.0057447357183472375
10,realised_var_5,0.08611113574200567
10,realised_var_20,0.10248032836169155
10,realised_var_60,0.09895042584363802
10,mean_abs_return_5,0.021534739075505807
10,mean_abs_return_20,0.024689781351475454
10,downside_var_20,0.2143598584492624
10,drawdown_20,0.32386834189669994
10,trend_20,0.03275755876928226
10,trend_60,0.06999160046701551
11,return_0,0.0018424482831181578
11,return_lag_1,0.0007574845425453497
11,return_lag_2,0.0008484183565932808
11,return_lag_5,0.0006084681417335405
11,return_lag_10,0.0017648919734454987
11,momentum_5,0.01596523581201798
11,momentum_20,0.007308267410923592
11,realised_var_5,0.08365336444755817
11,realised_var_20,0.325816382693534
11,realised_var_60,0.09503612010358192
11,mean_abs_return_5,0.023456884591642666
11,mean_abs_return_20,0.016411064307836794
11,downside_var_20,0.0593031604249405
11,drawdown_20,0.26817602255448986
11,trend_20,0.04071994462144376
11,trend_60,0.05833184173459499
12,return_0,0.0013993144274424831
12,return_lag_1,0.0008579235279622575
12,return_lag_2,0.0006812585091244134
12,return_lag_5,0.0008280671607755767
12,return_lag_10,0.0011453045234088377
12,momentum_5,0.017027410622116667
12,momentum_20,0.005897935266741826
12,realised_var_5,0.07251127661480743
12,realised_var_20,0.4317663370599839
12,realised_var_60,0.08043797379407429
12,mean_abs_return_5,0.01827631403953404
12,mean_abs_return_20,0.014341122182112137
12,downside_var_20,0.0723021837183259
12,drawdown_20,0.1700201589583105
12,trend_20,0.03677798084046833
12,trend_60,0.07572943875481136
13,return_0,0.0016522217907509137
13,return_lag_1,0.0009444878390814304
13,return_lag_2,0.0007452580476629489
13,return_lag_5,0.0008330588289776355
13,return_lag_10,0.0016946840018919312
13,momentum_5,0.016255256164255598
13,momentum_20,0.005984497865816932
13,realised_var_5,0.05191476658273637
13,realised_var_20,0.5494093707927385
13,realised_var_60,0.07928547054440699
13,mean_abs_return_5,0.01915761386140263
13,mean_abs_return_20,0.0129381104044688
13,downside_var_20,0.0025305229551372717
13,drawdown_20,0.1227062270036685
13,trend_20,0.0366323342478173
13,trend_60,0.09731611906918629
14,return_0,0.0024809244841796914
14,return_lag_1,0.0007971571195593375
14,return_lag_2,0.0008578080650961816
14,return_lag_5,0.0012574275610506317
14,return_lag_10,0.0011617881948887065
14,momentum_5,0.013458332749817871
14,momentum_20,0.005267524540441045
14,realised_var_5,0.06107228177857807
14,realised_var_20,0.47737164644896685
14,realised_var_60,0.09642786205768226
14,mean_abs_return_5,0.017944714433223038
14,mean_abs_return_20,0.014570199544861622
14,downside_var_20,0.009418929072163872
14,drawdown_20,0.16678392018716523
14,trend_20,0.040781785789947345
14,trend_60,0.09034769797237815
15,return_0,0.0021280566373287724
15,return_lag_1,0.0011715701088146908
15,return_lag_2,0.0013655123828232106
15,return_lag_5,0.0007488458754436724
15,return_lag_10,0.001139261151355901
15,momentum_5,0.013746479344587217
15,momentum_20,0.0048657878886616684
15,realised_var_5,0.048269442334318464
15,realised_var_20,0.486134604399892
15,realised_var_60,0.09896399895428605
15,mean_abs_return_5,0.018002615679636992
15,mean_abs_return_20,0.012983865547173803
15,downside_var_20,0.015661704024929998
15,drawdown_20,0.16058364670362382
15,trend_20,0.04410641416893824
15,trend_60,0.0901281947981854
16,return_0,0.002552692786864959
16,return_lag_1,0.0010285630652798452
16,return_lag_2,0.0008877939830052434
16,return_lag_5,0.0008107012777370847
16,return_lag_10,0.0011933252636574063
16,momentum_5,0.012632455553612172
16,momentum_20,0.005475734850800246
16,realised_var_5,0.056938429427658165
16,realised_var_20,0.37317637139220877
16,realised_var_60,0.10353437101814564
16,mean_abs_return_5,0.017401438728043752
16,mean_abs_return_20,0.018359285572363264
16,downside_var_20,0.08925767005917701
16,drawdown_20,0.19295079515797547
16,trend_20,0.03923939114223038
16,trend_60,0.08456098072124058
17,return_0,0.0012476660575720727
17,return_lag_1,0.000837265534888483
17,return_lag_2,0.0012274181308266948
17,return_lag_5,0.0008645405658842041
17,return_lag_10,0.0012699187394461804
17,momentum_5,0.014097701223208296
17,momentum_20,0.005253323833600455
17,realised_var_5,0.05054398343887812
17,realised_var_20,0.22154599649685544
17,realised_var_60,0.11546055066346896
17,mean_abs_return_5,0.023171658965587226
17,mean_abs_return_20,0.024794147269612404
17,downside_var_20,0.1954709497623494
17,drawdown_20,0.22658247122793684
17,trend_20,0.040524160507499116
17,trend_60,0.07710824758238605
18,return_0,0.0010555425188076533
18,return_lag_1,0.0008741852556218017
18,return_lag_2,0.0007324534367198417
18,return_lag_5,0.0010977651781573954
18,return_lag_10,0.0012147787979057275
18,momentum_5,0.013456798039307154
18,momentum_20,0.005827193615016939
18,realised_var_5,0.05211095477566917
18,realised_var_20,0.22619807305080553
18,realised_var_60,0.11934576533882967
18,mean_abs_return_5,0.021420079897900936
18,mean_abs_return_20,0.02811532469609557
18,downside_var_20,0.16839097308181333
18,drawdown_20,0.24238652365377483
18,trend_20,0.04210820792120242
18,trend_60,0.075665380742372
19,return_0,0.001341128708675404
19,return_lag_1,0.0006777892114038801
19,return_lag_2,0.0013866521552546138
19,return_lag_5,0.0011030518490702695
19,return_lag_10,0.001054690315485033
19,momentum_5,0.013000711185374431
19,momentum_20,0.004463770437762544
19,realised_var_5,0.051333471386144754
19,realised_var_20,0.15407359720773478
19,realised_var_60,0.12097483784539664
19,mean_abs_return_5,0.022484299870819773
19,mean_abs_return_20,0.02845663880979074
19,downside_var_20,0.20828665063539584
19,drawdown_20,0.281945518704014
19,trend_20,0.04120156166653867
19,trend_60,0.06821563001113873
20,return_0,0.0011536212275650658
20,return_lag_1,0.00045494899488763673
20,return_lag_2,0.0007021184920732679
20,return_lag_5,0.001294091278232293
20,return_lag_10,0.0010530217532675433
20,momentum_5,0.012122496755352683
20,momentum_20,0.0037260808718741537
20,realised_var_5,0.05064016979682235
20,realised_var_20,0.13876955338217703
20,realised_var_60,0.11935881504716629
20,mean_abs_return_5,0.020847499465729346
20,mean_abs_return_20,0.03782757057111387
20,downside_var_20,0.20059173838334704
20,drawdown_20,0.30200430336809325
20,trend_20,0.03764671685346167
20,trend_60,0.07180725375883656
21,return_0,0.0009113262424670519
21,return_lag_1,0.0005626917301980017
21,return_lag_2,0.0006516290458616396
21,return_lag_5,0.001016505635995022
21,return_lag_10,0.0010335427341943318
21,momentum_5,0.013266664820919228
21,momentum_20,0.0042846207738085175
21,realised_var_5,0.05167533592564925
21,realised_var_20,0.15645272529692358
21,realised_var_60,0.11671161346233246
21,mean_abs_return_5,0.02387377124487204
21,mean_abs_return_20,0.03277043073981254
21,downside_var_20,0.20292979647557258
21,drawdown_20,0.28315696559555137
21,trend_20,0.04156345713551426
21,trend_60,0.06913892314032807
22,return_0,0.0013541035924806413
22,return_lag_1,0.0005442339802940498
22,return_lag_2,0.000922106164373601
22,return_lag_5,0.0007631929338050568
22,return_lag_10,0.0010035032599110668
22,momentum_5,0.014895506319361753
22,momentum_20,0.004047619924492968
22,realised_var_5,0.046422836737277436
22,realised_var_20,0.09386867879358134
22,realised_var_60,0.11301691976930003
22,mean_abs_return_5,0.012878594058493795
22,mean_abs_return_20,0.03829400476882586
22,downside_var_20,0.21418472272555103
22,drawdown_20,0.3401903671440502
22,trend_20,0.03867558223564832
22,trend_60,0.07893802759255282
23,return_0,0.0014167725302525697
23,return_lag_1,0.0005627777381593102
23,return_lag_2,0.000629414342734069
23,return_lag_5,0.0008110236093491544
23,return_lag_10,0.0013380761581498794
23,momentum_5,0.012122944067052518
23,momentum_20,0.0038597175841974824
23,realised_var_5,0.043469720652906406
23,realised_var_20,0.06672915384021762
23,realised_var_60,0.10526745017166234
23,mean_abs_return_5,0.013345376749028009
23,mean_abs_return_20,0.05085006414571935
23,downside_var_20,0.2462969752916237
23,drawdown_20,0.33534229660196824
23,trend_20,0.040590097650809814
23,trend_60,0.07736813886616953
24,return_0,0.0015646923817798824
24,return_lag_1,0.0008135848027637456
24,return_lag_2,0.0005582637989912388
24,return_lag_5,0.0008945824115291496
24,return_lag_10,0.0012620989304747143
24,momentum_5,0.01123036260254837
24,momentum_20,0.004439680335934662
24,realised_var_5,0.042847741863806285
24,realised_var_20,0.0690568608856175
24,realised_var_60,0.10550984985959484
24,mean_abs_return_5,0.012801486575911764
24,mean_abs_return_20,0.04645927622935048
24,downside_var_20,0.25254430800865774
24,drawdown_20,0.33406480255693044
24,trend_20,0.037403526661568515
24,trend_60,0.07854888209454076
25,return_0,0.0016735354292166877
25,return_lag_1,0.0007296737016909302
25,return_lag_2,0.0006582684548987696
25,return_lag_5,0.0006316714087237228
25,return_lag_10,0.0010531721791373545
25,momentum_5,0.01307544642127994
25,momentum_20,0.0036073073216373636
25,realised_var_5,0.04335527765515267
25,realised_var_20,0.1213000362460322
25,realised_var_60,0.1050536246136165
25,mean_abs_return_5,0.012899912670133875
25,mean_abs_return_20,0.04582524325296142
25,downside_var_20,0.13964159866148942
25,drawdown_20,0.3947334672732676
25,trend_20,0.03637557630187865
25,trend_60,0.07938618840888285
26,return_0,0.0017041855224714153
26,return_lag_1,0.0007161463202324175
26,return_lag_2,0.0006541916736179585
26,return_lag_5,0.0005348050827119821
26,return_lag_10,0.0008134664073089096
26,momentum_5,0.011482572430292819
26,momentum_20,0.0028715856076420663
26,realised_var_5,0.045811176062093895
26,realised_var_20,0.07543420233879748
26,realised_var_60,0.10659281883095618
26,mean_abs_return_5,0.015209347147836267
26,mean_abs_return_20,0.05822984252447128
26,downside_var_20,0.1311298594772362
26,drawdown_20,0.43987746869913413
26,trend_20,0.03948814368156773
26,trend_60,0.06945018819362928
