model,regime,n,mae,rmse,qlike,calibration_ratio,spearman
mean_baseline,high_prior_vol,655,0.0012411173497567844,0.003731224714770964,2.2848283478998708,0.4489246796477436,-0.2158803532252157
mean_baseline,low_prior_vol,196,0.0004890152162821006,0.0005181509040818391,0.7736828937107938,2.50725225358941,0.06597401353626406
mean_baseline,mid_prior_vol,769,0.00045467978215206614,0.0005012131561171208,0.5891734206443993,2.1758636091858263,-0.018181430311681856
random_forest,high_prior_vol,655,0.0011630580103989079,0.003488275180241219,0.7842441465513,0.6481784561040622,0.5128437169732342
random_forest,low_prior_vol,196,0.00020428703792417627,0.00030915967856783645,0.6120431393954444,0.8609107112542415,0.2708144986588392
random_forest,mid_prior_vol,769,0.0002015009065377173,0.00031236649096633205,0.3455578115458382,1.1305314491977518,0.46446875554432526
ridge,high_prior_vol,655,0.0013268382887763937,0.003725983547856272,50.13542995189949,0.7254323328509225,0.4964993635647998
ridge,low_prior_vol,196,0.00019507040161953316,0.000313057459610833,0.6681589860838258,0.6137606640775038,0.03994453697136801
ridge,mid_prior_vol,769,0.00017033688138403603,0.00028997186666990244,0.33847661844527593,0.8468719840385648,0.446334393418675
