fold,feature,standardised_coefficient
0,return_0,-0.02575456786679557
0,return_lag_1,-0.011599101377970248
0,return_lag_2,-0.016094361190598233
0,return_lag_5,-0.03843764301686613
0,return_lag_10,0.012728974755899566
0,momentum_5,-0.07827270880340789
0,momentum_20,0.11644916813670357
0,realised_var_5,-0.29205739621303883
0,realised_var_20,0.3126291975035552
0,realised_var_60,0.06445883712112452
0,mean_abs_return_5,0.19932843177097653
0,mean_abs_return_20,0.6172929430840122
0,downside_var_20,-0.48239586770477705
0,drawdown_20,-0.39734670428819613
0,trend_20,-0.5428263430776069
0,trend_60,0.286472815787135
1,return_0,-0.050222289444980105
1,return_lag_1,-0.08206939138393288
1,return_lag_2,-0.02758631021064138
1,return_lag_5,-0.046099535324662905
1,return_lag_10,0.015684586049721134
1,momentum_5,-0.1038710738045171
1,momentum_20,0.12539237159106403
1,realised_var_5,-0.5611821336033933
1,realised_var_20,-0.0352000213120666
1,realised_var_60,0.03732276948790115
1,mean_abs_return_5,0.5699766661661781
1,mean_abs_return_20,1.1825178993795697
1,downside_var_20,-0.6943958993778817
1,drawdown_20,-0.5079798354404912
1,trend_20,-0.3656158405130098
1,trend_60,0.20361673607631414
2,return_0,-0.045207398812672946
2,return_lag_1,-0.0679082391435366
2,return_lag_2,-0.011150465650113479
2,return_lag_5,-0.052222681969839126
2,return_lag_10,0.02264839630599378
2,momentum_5,-0.10097048653634996
2,momentum_20,-0.010017114902737446
2,realised_var_5,-0.5006762812073821
2,realised_var_20,-0.03289379787377259
2,realised_var_60,0.11073197477966093
2,mean_abs_return_5,0.4840552216026993
2,mean_abs_return_20,1.1150713240245618
2,downside_var_20,-0.7218672202564238
2,drawdown_20,-0.6801135143812241
2,trend_20,-0.1911269576459153
2,trend_60,0.2836720313332619
3,return_0,-0.06996396493906488
3,return_lag_1,-0.08223995734656935
3,return_lag_2,-0.02155339167651043
3,return_lag_5,-0.03180094302125774
3,return_lag_10,0.007694574446791543
3,momentum_5,-0.05341968376683519
3,momentum_20,-0.0030912955893686307
3,realised_var_5,-0.45912911405818496
3,realised_var_20,-0.05403539328244745
3,realised_var_60,0.09537567414214211
3,mean_abs_return_5,0.49893842033778274
3,mean_abs_return_20,1.0694512288893328
3,downside_var_20,-0.6685268297071756
3,drawdown_20,-0.6643139922186284
3,trend_20,-0.1717631024198697
3,trend_60,0.30039507480570654
4,return_0,-0.06667581280716359
4,return_lag_1,-0.07850093085515085
4,return_lag_2,-0.01828461227587125
4,return_lag_5,-0.028811324016407514
4,return_lag_10,0.008060538308031683
4,momentum_5,-0.046888310462231644
4,momentum_20,-0.010374613260531995
4,realised_var_5,-0.4403574945831173
4,realised_var_20,-0.05356096704255904
4,realised_var_60,0.09246466422799204
4,mean_abs_return_5,0.4754926338195856
4,mean_abs_return_20,1.0602664433081848
4,downside_var_20,-0.673512978597036
4,drawdown_20,-0.6586791935463121
4,trend_20,-0.17480918327547193
4,trend_60,0.2947210283803864
5,return_0,-0.07207881628769967
5,return_lag_1,-0.08836216695170285
5,return_lag_2,-0.024551403945497256
5,return_lag_5,-0.036759738490580805
5,return_lag_10,0.011060293098836821
5,momentum_5,-0.06250556907125066
5,momentum_20,-0.009500185235564639
5,realised_var_5,-0.4276562560537223
5,realised_var_20,-0.011229840566433585
5,realised_var_60,0.06933962481933018
5,mean_abs_return_5,0.44852265054098256
5,mean_abs_return_20,1.094326004725406
5,downside_var_20,-0.6936350231818301
5,drawdown_20,-0.6036590990927381
5,trend_20,-0.2078931032969602
5,trend_60,0.3262969339851153
6,return_0,-0.07500303072357425
6,return_lag_1,-0.0896597552788326
6,return_lag_2,-0.024919799005352145
6,return_lag_5,-0.03490185842437725
6,return_lag_10,0.016385372866991904
6,momentum_5,-0.06466056841327689
6,momentum_20,0.007971079410344622
6,realised_var_5,-0.41434749946184807
6,realised_var_20,-0.004087087588409472
6,realised_var_60,0.07514247717275016
6,mean_abs_return_5,0.4301017549569667
6,mean_abs_return_20,1.0063279884602256
6,downside_var_20,-0.6554204257222194
6,drawdown_20,-0.659469749572218
6,trend_20,-0.1569279854659613
6,trend_60,0.3112171502960983
7,return_0,-0.06779578044797781
7,return_lag_1,-0.08128777867744003
7,return_lag_2,-0.021965389101610003
7,return_lag_5,-0.037547206794640145
7,return_lag_10,0.013806676757489821
7,momentum_5,-0.07550907176752428
7,momentum_20,0.013503617380733142
7,realised_var_5,-0.404396957328265
7,realised_var_20,0.012078947159165144
7,realised_var_60,0.0776101051930286
7,mean_abs_return_5,0.40964757414888653
7,mean_abs_return_20,0.9578624688186653
7,downside_var_20,-0.6484530626030552
7,drawdown_20,-0.6759174109162288
7,trend_20,-0.13574607556603988
7,trend_60,0.29338308465301804
8,return_0,-0.07795772307762486
8,return_lag_1,-0.08918387244746435
8,return_lag_2,-0.0248495192586189
8,return_lag_5,-0.028366032039866165
8,return_lag_10,0.00930358708885073
8,momentum_5,-0.05630901955409156
8,momentum_20,-0.0028118878264859963
8,realised_var_5,-0.4039650817727377
8,realised_var_20,0.07594773705391564
8,realised_var_60,0.06981545767570178
8,mean_abs_return_5,0.41495947826149376
8,mean_abs_return_20,0.9835897409310866
8,downside_var_20,-0.6954341572688711
8,drawdown_20,-0.5733200416282039
8,trend_20,-0.2287578189696175
8,trend_60,0.3217913124323429
9,return_0,-0.06500145959589647
9,return_lag_1,-0.07329949676933763
9,return_lag_2,-0.017189710906944305
9,return_lag_5,-0.021053304116791276
9,return_lag_10,0.004736278441880157
9,momentum_5,-0.05840903883202063
9,momentum_20,-0.019354767345041553
9,realised_var_5,-0.37921930209861465
9,realised_var_20,0.04696505230920319
9,realised_var_60,0.07108901728080379
9,mean_abs_return_5,0.38417143881419014
9,mean_abs_return_20,1.0004356228887075
9,downside_var_20,-0.7125966410784087
9,drawdown_20,-0.5996037243607362
9,trend_20,-0.21161783173364596
9,trend_60,0.2990278432316767
10,return_0,-0.05416396579248685
10,return_lag_1,-0.06881153201874457
10,return_lag_2,-0.01836887720458002
10,return_lag_5,-0.025109702131706203
10,return_lag_10,-0.0003229600342040329
10,momentum_5,-0.0662951486656066
10,momentum_20,-0.021218463506687945
10,realised_var_5,-0.3725415556837038
10,realised_var_20,-0.03769210350726459
10,realised_var_60,0.06632979421971022
10,mean_abs_return_5,0.4135598055746117
10,mean_abs_return_20,1.0186799727093954
10,downside_var_20,-0.6585729776924598
10,drawdown_20,-0.6008215162060031
10,trend_20,-0.15944795025564412
10,trend_60,0.2596128235603282
11,return_0,-0.059554640949803055
11,return_lag_1,-0.07024575678684901
11,return_lag_2,-0.027454273994008127
11,return_lag_5,-0.02377508099281424
11,return_lag_10,-0.006157576520221189
11,momentum_5,-0.06744637483234248
11,momentum_20,0.009743880503449433
11,realised_var_5,-0.3548511285760735
11,realised_var_20,-0.03708658940747197
11,realised_var_60,0.05413947591141015
11,mean_abs_return_5,0.4338711043384471
11,mean_abs_return_20,1.0240812553100616
11,downside_var_20,-0.6372369839749433
11,drawdown_20,-0.5485579825393981
11,trend_20,-0.1736606748382101
11,trend_60,0.26033181667790695
12,return_0,-0.04247297244312176
12,return_lag_1,-0.057744849422949364
12,return_lag_2,-0.01979094019682844
12,return_lag_5,-0.03410859876791623
12,return_lag_10,-0.00293859718921335
12,momentum_5,-0.10180013294609147
12,momentum_20,0.02206138203827133
12,realised_var_5,-0.3379874889310273
12,realised_var_20,-0.04728518457827556
12,realised_var_60,0.03983301065288227
12,mean_abs_return_5,0.40802450741659924
12,mean_abs_return_20,1.097996019610031
12,downside_var_20,-0.6396383365819487
12,drawdown_20,-0.5047814071420945
12,trend_20,-0.1912048074109893
12,trend_60,0.2509774460902515
13,return_0,-0.04139112855099225
13,return_lag_1,-0.053228633408590714
13,return_lag_2,-0.01462258597364606
13,return_lag_5,-0.03785353451633032
13,return_lag_10,-0.0008291849113162781
13,momentum_5,-0.10157830905271195
13,momentum_20,0.02057086068979177
13,realised_var_5,-0.32375649534042855
13,realised_var_20,-0.10101327738112476
13,realised_var_60,0.040238299973509875
13,mean_abs_return_5,0.40770379227468917
13,mean_abs_return_20,1.0666646014902408
13,downside_var_20,-0.5799802808458726
13,drawdown_20,-0.5088037087882233
13,trend_20,-0.14522527162546087
13,trend_60,0.228528092619174
14,return_0,-0.040397455555421104
14,return_lag_1,-0.051943224708534144
14,return_lag_2,-0.0165153793855883
14,return_lag_5,-0.03499998560569329
14,return_lag_10,-0.0032565816323244156
14,momentum_5,-0.09247046216660589
14,momentum_20,0.016776559527240092
14,realised_var_5,-0.31164752886850605
14,realised_var_20,-0.060619480413847904
14,realised_var_60,0.04402679967047759
14,mean_abs_return_5,0.38646079759137664
14,mean_abs_return_20,1.0547109834146962
14,downside_var_20,-0.6079491383983339
14,drawdown_20,-0.4792058899729414
14,trend_20,-0.18502409587118165
14,trend_60,0.23183596047299826
15,return_0,-0.03774320248228133
15,return_lag_1,-0.048544830549832045
15,return_lag_2,-0.01291824574323872
15,return_lag_5,-0.0356705585078045
15,return_lag_10,-0.0028264320171904776
15,momentum_5,-0.09626361776534516
15,momentum_20,0.00983444140484032
15,realised_var_5,-0.30009536711976786
15,realised_var_20,-0.05043611627318679
15,realised_var_60,0.04381039313459545
15,mean_abs_return_5,0.36908344358304834
15,mean_abs_return_20,1.0465396470716393
15,downside_var_20,-0.6125607198345931
15,drawdown_20,-0.4709545893480432
15,trend_20,-0.18383022821948744
15,trend_60,0.2316781716177434
16,return_0,-0.0420321040794385
16,return_lag_1,-0.05209012186049486
16,return_lag_2,-0.018027418833716856
16,return_lag_5,-0.03079417817865133
16,return_lag_10,-0.004486096226527854
16,momentum_5,-0.08889444237710975
16,momentum_20,0.007514280736316678
16,realised_var_5,-0.28864234272376244
16,realised_var_20,-0.07296651627140233
16,realised_var_60,0.04635121783513545
16,mean_abs_return_5,0.3574412741489799
16,mean_abs_return_20,1.0346650314409025
16,downside_var_20,-0.5895182876072008
16,drawdown_20,-0.4425125047369104
16,trend_20,-0.184101884753079
16,trend_60,0.20504932717615254
17,return_0,-0.04509878104132598
17,return_lag_1,-0.05389676163087872
17,return_lag_2,-0.019791407421518945
17,return_lag_5,-0.02577015590090259
17,return_lag_10,-0.006333777346639415
17,momentum_5,-0.07242105093805001
17,momentum_20,-0.016980509913445702
17,realised_var_5,-0.2836819015325233
17,realised_var_20,-0.024518952013584998
17,realised_var_60,0.05067129103014351
17,mean_abs_return_5,0.35356257894533943
17,mean_abs_return_20,1.014948455207886
17,downside_var_20,-0.6226844073118359
17,drawdown_20,-0.421705138395667
17,trend_20,-0.20937521543030252
17,trend_60,0.22837799019989724
18,return_0,-0.046980908735324504
18,return_lag_1,-0.054797861813538414
18,return_lag_2,-0.022140307843288104
18,return_lag_5,-0.02470549573607885
18,return_lag_10,-0.009078814106009876
18,momentum_5,-0.0670179543731476
18,momentum_20,-0.014392400727122341
18,realised_var_5,-0.2720790664436052
18,realised_var_20,-0.012239710391648303
18,realised_var_60,0.04922981731033305
18,mean_abs_return_5,0.3348123951937666
18,mean_abs_return_20,1.0102029478014252
18,downside_var_20,-0.6263993899302696
18,drawdown_20,-0.4108884890719402
18,trend_20,-0.2233206401277343
18,trend_60,0.23161309835686136
19,return_0,-0.044368703198547965
19,return_lag_1,-0.04976045036761433
19,return_lag_2,-0.018286368228243224
19,return_lag_5,-0.023472618200452655
19,return_lag_10,-0.009644045370505347
19,momentum_5,-0.06697742065286914
19,momentum_20,-0.005605679999774559
19,realised_var_5,-0.2779937535163874
19,realised_var_20,0.004647144353066025
19,realised_var_60,0.04356364462819127
19,mean_abs_return_5,0.34185502910546267
19,mean_abs_return_20,0.9948584588017297
19,downside_var_20,-0.6224922441186332
19,drawdown_20,-0.40650289883496205
19,trend_20,-0.2417999329821145
19,trend_60,0.24227117931158598
20,return_0,-0.046230259433842534
20,return_lag_1,-0.052031156853265745
20,return_lag_2,-0.02028852737893305
20,return_lag_5,-0.02733416921951406
20,return_lag_10,-0.008353471468824317
20,momentum_5,-0.06827690487975846
20,momentum_20,0.0014099123615186897
20,realised_var_5,-0.2647674161884416
20,realised_var_20,0.00060161593587463
20,realised_var_60,0.040760601982472736
20,mean_abs_return_5,0.31855147019359664
20,mean_abs_return_20,1.0006171062331937
20,downside_var_20,-0.6125885451378655
20,drawdown_20,-0.391886959973055
20,trend_20,-0.24949506229338386
20,trend_60,0.23693416013238777
21,return_0,-0.04591133964818463
21,return_lag_1,-0.05272466933952758
21,return_lag_2,-0.02128703911376521
21,return_lag_5,-0.02480722456073305
21,return_lag_10,-0.007977723187536605
21,momentum_5,-0.060560639074134774
21,momentum_20,0.0010498551286961244
21,realised_var_5,-0.26838181727025123
21,realised_var_20,-0.00012778511897360587
21,realised_var_60,0.045456257682552306
21,mean_abs_return_5,0.3270430132391346
21,mean_abs_return_20,0.9733554977595467
21,downside_var_20,-0.593544006707014
21,drawdown_20,-0.3655240481285405
21,trend_20,-0.26619780674382426
21,trend_60,0.22847686172546564
22,return_0,-0.05455174074226165
22,return_lag_1,-0.06889872826314998
22,return_lag_2,-0.03196387019797601
22,return_lag_5,-0.022912457288677388
22,return_lag_10,-0.009851327744951184
22,momentum_5,-0.06832207383401394
22,momentum_20,0.013166634460999017
22,realised_var_5,-0.24400305452727625
22,realised_var_20,-0.12716168475431375
22,realised_var_60,0.055045601561007615
22,mean_abs_return_5,0.3393746413260665
22,mean_abs_return_20,0.9970183295527889
22,downside_var_20,-0.5095404550513473
22,drawdown_20,-0.3121879771613209
22,trend_20,-0.26243735568906024
22,trend_60,0.17799647414278816
23,return_0,-0.05811463488875122
23,return_lag_1,-0.07113449779036944
23,return_lag_2,-0.03215724557756029
23,return_lag_5,-0.018376806928379428
23,return_lag_10,-0.011973055099389871
23,momentum_5,-0.06334981052866528
23,momentum_20,0.031181384447544157
23,realised_var_5,-0.23778657184597773
23,realised_var_20,-0.1423571225087894
23,realised_var_60,0.05421437770476893
23,mean_abs_return_5,0.332385239303323
23,mean_abs_return_20,0.9937341085078957
23,downside_var_20,-0.4941280253167256
23,drawdown_20,-0.30946405641097197
23,trend_20,-0.26027584342751836
23,trend_60,0.15065160639664915
24,return_0,-0.06053665914078602
24,return_lag_1,-0.07184448317335936
24,return_lag_2,-0.03301211152352707
24,return_lag_5,-0.015952223412488215
24,return_lag_10,-0.012604681788723659
24,momentum_5,-0.05709809739204224
24,momentum_20,0.03115519036711873
24,realised_var_5,-0.2216275803344611
24,realised_var_20,-0.1304413348195827
24,realised_var_60,0.055276274515461146
24,mean_abs_return_5,0.3077498481422747
24,mean_abs_return_20,0.987746280741066
24,downside_var_20,-0.4986208302388995
24,drawdown_20,-0.31156667128596993
24,trend_20,-0.26562584565939007
24,trend_60,0.15504030901977564
25,return_0,-0.060282777871265195
25,return_lag_1,-0.07171250483116619
25,return_lag_2,-0.03316989578751938
25,return_lag_5,-0.017964434259408767
25,return_lag_10,-0.01224809548119058
25,momentum_5,-0.06654006437587406
25,momentum_20,0.031106894585979854
25,realised_var_5,-0.21139729133247978
25,realised_var_20,-0.11975200735822457
25,realised_var_60,0.05212133636920718
25,mean_abs_return_5,0.28898734930958675
25,mean_abs_return_20,0.9780515044163637
25,downside_var_20,-0.5004639030979602
25,drawdown_20,-0.3272157694893709
25,trend_20,-0.2483345499953383
25,trend_60,0.15903699453813597
26,return_0,-0.057573751498067594
26,return_lag_1,-0.068621395933748
26,return_lag_2,-0.03178507557892158
26,return_lag_5,-0.01613485520665065
26,return_lag_10,-0.014921956419033917
26,momentum_5,-0.061578884208083044
26,momentum_20,0.027310472262051466
26,realised_var_5,-0.19611626878088156
26,realised_var_20,-0.12410263175877968
26,realised_var_60,0.054246122881054425
26,mean_abs_return_5,0.26708979874097444
26,mean_abs_return_20,0.9758513694936268
26,downside_var_20,-0.5026971995866087
26,drawdown_20,-0.31349028580720806
26,trend_20,-0.25477624616903866
26,trend_60,0.14057708371497904
